iter	Logloss
0	0.6669453057
1	0.6264745174
2	0.6004792985
3	0.5817775733
4	0.5677795153
5	0.5549867612
6	0.552016331
7	0.542489231
8	0.5328047566
9	0.5309571353
